AAE0190,PC-8915
AAF0535,PC-2408
AAF0791,PC-7357
AAL0706,PC-5282
AAM0658,PC-9923
AAN0823,PC-7708
AAS0442,PC-1039
AAV0450,PC-6419
AAW0353,PC-8732
ABC0174,PC-5156
ABC0253,PC-2777
ABH0663,PC-4556
ABM0845,PC-9714
ABN0239,PC-9523
ACC0042,PC-0908
ACV0812,PC-2550
ADC0391,PC-4729
ADD0846,PC-4109
ADF0397,PC-7527
AES0827,PC-2770
AGB0186,PC-8410
AGB0643,PC-2461
AHC0142,PC-8893
AHD0848,PC-7751
AHG0634,PC-4024
AHM0410,PC-3686
AIB0948,PC-8245
AIH0675,PC-6009
AIM0627,PC-3297
AIP0394,PC-3942
AIP0982,PC-3733
AIS0405,PC-8105
AJC0840,PC-9184
AJD0074,PC-3135
AJF0370,PC-8651
AJH0175,PC-3815
AJL0462,PC-7416
AJN0607,PC-8303
AJP0723,PC-1182
AJR0319,PC-4736
AJR0932,PC-4748
AKC0924,PC-0985
AKF0709,PC-8806
AKH0758,PC-7560
AKK0329,PC-2072
AKR0057,PC-2879
AKW0167,PC-7109
ALB0892,PC-2744
ALC0788,PC-1887
ALD0529,PC-1187
ALD0544,PC-7552
ALH0402,PC-2119
AMD0077,PC-0330
AMH0464,PC-2059
AMH0794,PC-2574
AMJ0297,PC-6665
AMM0014,PC-7052
AMR0318,PC-6239
AMR0400,PC-2266
AMV0036,PC-8397
AMW0392,PC-6163
ANM0123,PC-3845
ANP0555,PC-6173
ANT0430,PC-9028
AOB0019,PC-4479
AOK0844,PC-4659
AOS0987,PC-5702
APG0307,PC-6381
AQD0820,PC-8422
ARA0252,PC-4886
ARB0834,PC-0320
ARB0881,PC-0839
ARD0509,PC-1677
ARL0034,PC-9080
ASB0796,PC-1130
ASD0577,PC-6601
ASG0048,PC-0427
ASG0692,PC-0164
ASL0378,PC-5031
ASM0575,PC-1165
ASS0206,PC-5276
ASS0517,PC-2271
ASV0946,PC-2806
ATE0869,PC-1313
ATF0274,PC-3459
ATP0662,PC-4127
AVM0947,PC-0285
AWM0764,PC-6786
BAH0875,PC-1377
BAJ0654,PC-9268
BAK0964,PC-6755
BAL0044,PC-5179
BAM0611,PC-3620
BAM0636,PC-8138
BBG0325,PC-6609
BBH0810,PC-3014
BBS0039,PC-9436
BBS0422,PC-4551
BCB0679,PC-0290
BCM0653,PC-5717
BCR0581,PC-0616
BDB0453,PC-1949
BDI0533,PC-5883
BDV0168,PC-2464
BEC0505,PC-3375
BEH0615,PC-9461
BER0314,PC-8556
BHC0665,PC-6706
BHW0458,PC-2077
BIH0745,PC-2661
BIS0247,PC-9324
BJH0354,PC-1332
BJH0811,PC-0969
BJM0111,PC-6866
BJP0134,PC-0898
BJW0619,PC-9653
BKW0374,PC-5186
BLB0114,PC-5391
BLL0929,PC-7375
BLS0678,PC-6031
BMC0547,PC-3629
BMG0917,PC-6688
BMM0112,PC-5061
BMS0877,PC-2904
BMT0528,PC-0202
BNG0237,PC-2177
BNR0965,PC-2422
BQS0525,PC-0269
BRB0355,PC-9896
BRM0995,PC-0768
BRS0734,PC-4785
BSA0431,PC-2187
BSB0990,PC-8932
BSH0445,PC-6194
BSS0369,PC-3672
BSS0463,PC-9166
BTL0226,PC-4534
BTL0722,PC-2843
BTN0061,PC-3682
BTR0403,PC-8277
BTS0011,PC-1232
BTW0005,PC-2915
BVC0790,PC-0008
BVN0514,PC-2763
BWH0813,PC-5110
BWP0202,PC-7445
BXJ0010,PC-2231
BYP0070,PC-6621
CAA0612,PC-1289
CAB0388,PC-6165
CAB0614,PC-6638
CAC0889,PC-1941
CAH0936,PC-2276
CAM0102,PC-6247
CAM0681,PC-4953
CAN0842,PC-9196
CAS0507,PC-8739
CBB0365,PC-5133
CBG0398,PC-5927
CBG0490,PC-3005
CCA0046,PC-8865
CCC0393,PC-8610
CCH0182,PC-0514
CCH0685,PC-7039
CCL0068,PC-7699
CCM0136,PC-3268
CCM0467,PC-9850
CCM0855,PC-5382
CCR0863,PC-7342
CCW0031,PC-6286
CCW0524,PC-0393
CEB0210,PC-8793
CEJ0109,PC-6980
CEL0561,PC-8462
CFG0959,PC-9094
CFM0767,PC-4259
CFW0264,PC-4711
CGA0629,PC-5660
CGB0637,PC-8508
CGF0337,PC-0369
CHG0146,PC-0780
CHM0821,PC-7933
CIG0052,PC-7903
CIM0271,PC-3291
CIM0926,PC-3201
CJC0494,PC-0072
CJF0802,PC-2940
CJG0470,PC-2765
CJH0702,PC-8541
CJK0200,PC-0925
CJM0138,PC-8619
CJM0521,PC-6249
CJP0952,PC-7525
CJV0286,PC-6566
CKB0427,PC-2709
CKB0482,PC-7528
CKD0680,PC-6282
CKH0144,PC-1893
CKP0721,PC-8097
CLB0774,PC-7029
CLD0894,PC-6260
CLF0852,PC-0647
CLH0703,PC-8632
CLS0296,PC-7973
CMB0912,PC-6539
CMM0487,PC-9800
CMS0454,PC-4155
CMW0783,PC-7102
CNB0900,PC-7843
CNE0352,PC-2766
CNM0800,PC-9403
COF0120,PC-2559
COM0321,PC-3567
CPG0322,PC-4905
CQH0701,PC-8164
CQH0730,PC-0532
CQW0652,PC-3449
CRD0624,PC-0441
CRK0916,PC-6417
CRO0027,PC-0216
CRP0456,PC-4328
CSB0080,PC-0731
CSC0217,PC-6377
CSH0626,PC-6016
CSJ0340,PC-1518
CSL0949,PC-6544
CSP0197,PC-9358
CTA0020,PC-3118
CTR0341,PC-6184
CTR0697,PC-1282
CTW0500,PC-9777
CUD0795,PC-7779
CWB0065,PC-4621
CWR0502,PC-3737
CXC0336,PC-5502
CYA0506,PC-6538
DAG0558,PC-0494
DAL0673,PC-9156
DAR0885,PC-1312
DBB0384,PC-4243
DBG0261,PC-6692
DBS0235,PC-1590
DBW0483,PC-3451
DCC0160,PC-3839
DCH0843,PC-8720
DDA0476,PC-1593
DDM0579,PC-3675
DEB0782,PC-6498
DFH0188,PC-0205
DFR0218,PC-6634
DGF0443,PC-1514
DGM0754,PC-0728
DGN0480,PC-9489
DGW0752,PC-5090
DHM0937,PC-7941
DIB0081,PC-9524
DIB0285,PC-1268
DIC0988,PC-5454
DID0650,PC-0444
DIW0118,PC-0174
DJB0159,PC-3907
DJS0682,PC-5909
DKB0631,PC-0818
DLF0377,PC-4368
DLH0029,PC-9711
DLM0051,PC-0166
DLS0383,PC-0120
DMG0358,PC-9687
DMK0257,PC-1279
DMM0623,PC-5383
DOL0332,PC-1109
DOP0562,PC-2896
DPM0423,PC-2567
DPS0262,PC-8916
DRR0162,PC-5168
DRR0242,PC-5002
DSB0731,PC-9254
DSM0591,PC-5518
DTP0379,PC-4861
DTT0076,PC-9973
DVM0265,PC-3324
DVW0103,PC-7174
DZC0228,PC-7478
EAH0466,PC-3579
EBC0390,PC-8830
ECF0828,PC-8501
ECL0930,PC-8127
ECR0822,PC-0779
EDA0684,PC-2725
EDB0714,PC-6103
EFS0882,PC-0642
EGD0132,PC-4211
EGD0409,PC-3263
EGK0893,PC-8318
EHB0420,PC-1586
EHB0824,PC-0141
EHD0584,PC-8669
EHR0096,PC-5508
EIM0156,PC-1874
EIP0997,PC-8404
EIS0041,PC-9255
EJW0884,PC-0335
ELB0847,PC-9661
ELH0960,PC-7775
ELT0769,PC-6632
EMB0531,PC-7998
EMS0317,PC-9647
EMW0105,PC-1845
EMW0772,PC-6035
ENC0234,PC-7145
ENL0100,PC-3494
EPW0434,PC-4560
ERH0449,PC-1389
ESA0642,PC-9304
ESH0135,PC-8816
ESH0283,PC-1611
ESJ0670,PC-2321
ESR0693,PC-8863
ETR0177,PC-1436
ETR0428,PC-0508
EWH0191,PC-4545
EZH0736,PC-4209
EZT0640,PC-1069
FAW0032,PC-5866
FBA0348,PC-8486
FBW0747,PC-2349
FDE0117,PC-1772
FEB0306,PC-7757
FFC0891,PC-5843
FGW0853,PC-8055
FHO0630,PC-9999
FHS0837,PC-9747
FIR0920,PC-5046
FKB0163,PC-5087
FKK0055,PC-0435
FLM0213,PC-8453
FMG0527,PC-4256
FOB0756,PC-6204
FPC0954,PC-7839
FQA0854,PC-2582
FRB0023,PC-9874
FRL0511,PC-2191
FRR0832,PC-0751
FSB0399,PC-1275
FSC0601,PC-9066
FTM0406,PC-1786
FUM0015,PC-9208
FWM0707,PC-4011
FXF0957,PC-4176
GAF0060,PC-4911
GAF0570,PC-0474
GBM0603,PC-3785
GCC0744,PC-3935
GCC0945,PC-6694
GCG0951,PC-4704
GCL0016,PC-9408
GCR0554,PC-0191
GCS0518,PC-2125
GCS0571,PC-8290
GDF0704,PC-0377
GHH0288,PC-4686
GHL0460,PC-6255
GJD0298,PC-1783
GJT0386,PC-5368
GKO0078,PC-4233
GLR0975,PC-5468
GMF0738,PC-4204
GNS0178,PC-6846
GNZ0953,PC-3814
GOK0238,PC-0039
GQF0659,PC-1307
GQP0743,PC-8354
GRC0145,PC-4136
GRM0868,PC-8443
GTD0116,PC-5312
GTD0219,PC-6425
GTD0898,PC-5066
GZB0469,PC-3887
GZC0735,PC-8219
HAC0282,PC-2674
HAD0246,PC-0926
HAH0248,PC-6027
HAH0760,PC-1038
HAM0985,PC-9010
HAV0121,PC-2123
HBB0056,PC-1281
HBO0413,PC-7384
HCC0344,PC-2768
HCL0113,PC-6779
HCL0651,PC-8314
HCM0267,PC-7651
HCS0003,PC-3054
HCV0478,PC-5977
HCW0419,PC-3772
HDD0789,PC-4518
HDD0806,PC-6032
HDH0928,PC-0252
HDJ0446,PC-3378
HDL0748,PC-2441
HDS0367,PC-8680
HFB0347,PC-0524
HGG0240,PC-1108
HGH0595,PC-7311
HGN0287,PC-7865
HIA0414,PC-6971
HIW0536,PC-5425
HJA0018,PC-3985
HJB0742,PC-5635
HJS0072,PC-0836
HKB0418,PC-3651
HKF0831,PC-6215
HKI0171,PC-8733
HKR0628,PC-6269
HLH0512,PC-2288
HLM0933,PC-5242
HMM0108,PC-8052
HMW0713,PC-7974
HOB0994,PC-7880
HPH0075,PC-2417
HPM0986,PC-0092
HPR0585,PC-8505
HRB0351,PC-0697
HRD0635,PC-4246
HRL0540,PC-1117
HRW0550,PC-3738
HSB0196,PC-8001
HSD0457,PC-3622
HSG0818,PC-1849
HSP0290,PC-2439
HTF0641,PC-7965
HTH0007,PC-8851
HVB0037,PC-7979
HVF0067,PC-9939
HWH0646,PC-8087
HWM0342,PC-4436
HWW0436,PC-8391
HWY0038,PC-1474
HXL0968,PC-0623
IAR0694,PC-2804
IAT0263,PC-4032
IBB0359,PC-4195
IBB0696,PC-4289
IBM0671,PC-4633
IBP0883,PC-8494
IBS0836,PC-6382
ICH0294,PC-8526
ICS0956,PC-7702
IDO0176,PC-7886
IEB0153,PC-4040
IHK0841,PC-0177
IIA0092,PC-2552
IIL0513,PC-8067
IIW0249,PC-0843
IJM0139,PC-8089
IJM0444,PC-8734
IJM0776,PC-0198
IJR0825,PC-8560
IJW0851,PC-5552
IKP0472,PC-3842
IKR0401,PC-6741
ILC0838,PC-7400
ILH0958,PC-2181
ILJ0526,PC-7275
ILR0304,PC-5480
IMB0481,PC-8761
IMG0320,PC-0422
IMP0530,PC-1247
IRM0931,PC-7188
IRT0491,PC-3285
IUB0565,PC-5775
IUY0279,PC-9140
IWM0816,PC-8853
IYB0918,PC-6119
JAD0609,PC-7879
JAJ0849,PC-9819
JAM0382,PC-1805
JAV0361,PC-0253
JBD0616,PC-1479
JBM0350,PC-9744
JCC0225,PC-6711
JCG0316,PC-9245
JCR0172,PC-6713
JCR0289,PC-2289
JCR0770,PC-8711
JCR0921,PC-9473
JCV0245,PC-9136
JCW0858,PC-2381
JDB0169,PC-7502
JDC0030,PC-0246
JDF0593,PC-6301
JER0404,PC-0928
JFC0557,PC-9179
JFC0757,PC-1394
JGM0934,PC-3301
JGT0221,PC-2948
JHP0583,PC-9083
JIG0128,PC-4000
JIM0095,PC-9328
JJB0127,PC-7931
JJB0700,PC-1658
JJH0292,PC-5941
JJH0613,PC-9171
JJM0203,PC-0148
JKB0126,PC-1648
JKF0465,PC-6797
JKJ0698,PC-1917
JKM0303,PC-1208
JLM0364,PC-3791
JLW0053,PC-5833
JMB0308,PC-0814
JMC0925,PC-9881
JMD0520,PC-1243
JMH0543,PC-7345
JMK0099,PC-2363
JML0909,PC-0724
JMW0638,PC-1397
JNA0559,PC-9423
JNJ0556,PC-0576
JOL0024,PC-2094
JOM0750,PC-8989
JPA0667,PC-6034
JPW0741,PC-5762
JRF0835,PC-9627
JRG0207,PC-8908
JRH0455,PC-7539
JRL0574,PC-4386
JRS0362,PC-5053
JSA0775,PC-3587
JSH0330,PC-5423
JTM0223,PC-9681
JTS0389,PC-9931
JXH0493,PC-0692
JZD0888,PC-1572
KAC0124,PC-8190
KAL0395,PC-0004
KAT0270,PC-7146
KAT0489,PC-7007
KBB0189,PC-4524
KBC0054,PC-0181
KBG0549,PC-0146
KBL0260,PC-9706
KBP0008,PC-3851
KBS0874,PC-5106
KCB0815,PC-0426
KCF0045,PC-8845
KCO0122,PC-9174
KCS0173,PC-5117
KDS0349,PC-1478
KDT0346,PC-7238
KES0729,PC-0795
KJA0152,PC-6956
KJG0910,PC-7082
KJJ0293,PC-7425
KJM0887,PC-7695
KJP0371,PC-2124
KJS0618,PC-0133
KJW0416,PC-4955
KKC0683,PC-2690
KKS0119,PC-0322
KKW0879,PC-2531
KLH0596,PC-0132
KLM0639,PC-7387
KMB0922,PC-1725
KMS0657,PC-4761
KMW0545,PC-3962
KNB0022,PC-9873
KNG0672,PC-4405
KNW0644,PC-3379
KPC0073,PC-2638
KPP0452,PC-3989
KPR0497,PC-2511
KQC0708,PC-1622
KQS0415,PC-3124
KRG0158,PC-9770
KRL0062,PC-5595
KRL0501,PC-7206
KRM0541,PC-4722
KRV0372,PC-9947
KSH0569,PC-1395
KSP0357,PC-8331
KSP0966,PC-6985
KTG0091,PC-7913
KVS0425,PC-3296
KVT0028,PC-8654
KWC0004,PC-2017
KWE0082,PC-1933
LAF0991,PC-4973
LAM0911,PC-8871
LAP0338,PC-5758
LBC0356,PC-6250
LBF0214,PC-3819
LBH0942,PC-3640
LCB0664,PC-3196
LCC0819,PC-8192
LCD0622,PC-0235
LDB0090,PC-6824
LDD0560,PC-3683
LDG0459,PC-5621
LDM0587,PC-5012
LEM0605,PC-0967
LFS0071,PC-9292
LHB0606,PC-4390
LHB0967,PC-2996
LHL0309,PC-5289
LHN0151,PC-6305
LIM0674,PC-9582
LJB0826,PC-7160
LJJ0905,PC-6264
LJR0523,PC-5162
LJT0817,PC-3120
LLV0602,PC-5562
LMF0980,PC-1485
LNR0656,PC-3505
LNS0989,PC-8884
LOF0311,PC-6105
LOM0086,PC-9087
LPC0492,PC-6156
LPH0572,PC-8507
LQC0479,PC-6380
LQP0508,PC-3233
LRR0148,PC-4275
LRW0970,PC-1620
LTS0860,PC-1651
LUR0896,PC-9067
MAD0496,PC-2244
MAD0753,PC-5338
MAE0331,PC-8591
MAH0149,PC-6756
MAH0864,PC-2024
MAR0955,PC-6793
MAS0025,PC-2512
MAW0166,PC-2143
MBG0438,PC-6157
MBJ0312,PC-5250
MBR0724,PC-8724
MBW0809,PC-5118
MCD0125,PC-7295
MCF0327,PC-2164
MCF0600,PC-8790
MCJ0324,PC-7595
MCS0035,PC-9367
MCT0720,PC-4952
MDH0580,PC-4579
MDH0686,PC-9901
MDM0625,PC-4984
MDM0976,PC-2462
MES0407,PC-8827
MFV0897,PC-8493
MGS0974,PC-0351
MHA0798,PC-0118
MHG0244,PC-9988
MHG0733,PC-7827
MHH0180,PC-9822
MIB0904,PC-7811
MIC0726,PC-9791
MIL0255,PC-1107
MIM0712,PC-1526
MJB0588,PC-6112
MJM0510,PC-6612
MJS0890,PC-5016
MKG0711,PC-2368
MKL0941,PC-1246
MKP0861,PC-7614
MKS0204,PC-5102
MKW0441,PC-1795
MLD0755,PC-6233
MLG0475,PC-7399
MLL0598,PC-0189
MLM0950,PC-9787
MLP0668,PC-0772
MMB0488,PC-6251
MMG0943,PC-2370
MNC0717,PC-7964
MNR0829,PC-2479
MNS0224,PC-8874
MOH0273,PC-6699
MOP0763,PC-9782
MOS0047,PC-5820
MPM0220,PC-2344
MPT0376,PC-7408
MSD0939,PC-3430
MSG0839,PC-3227
MSH0040,PC-5799
MSO0222,PC-2524
MSS0001,PC-3952
MSZ0310,PC-4411
MTB0620,PC-9348
MTT0901,PC-2775
MVB0515,PC-3476
MVF0594,PC-9643
MVH0373,PC-1940
MYD0978,PC-3401
NAB0801,PC-6288
NAB0903,PC-8239
NAF0033,PC-7609
NAF0326,PC-0384
NAH0503,PC-8267
NAR0981,PC-6183
NBC0412,PC-7207
NBH0256,PC-5852
NCE0097,PC-2393
NCH0179,PC-3695
NCK0295,PC-4895
NCK0421,PC-6960
NCO0666,PC-6519
NDM0417,PC-9134
NGC0058,PC-7558
NGF0157,PC-6056
NGO0690,PC-7031
NHE0919,PC-8457
NHH0185,PC-3723
NIH0969,PC-3978
NJB0243,PC-3752
NJC0705,PC-5456
NKH0807,PC-3000
NKH0979,PC-6643
NKP0236,PC-5010
NLO0131,PC-6324
NMB0972,PC-8330
NMC0486,PC-4455
NMF0780,PC-2343
NMG0766,PC-6258
NMS0280,PC-8262
NNA0610,PC-1500
NNS0059,PC-5081
NOB0181,PC-3446
NRD0548,PC-4527
NRF0137,PC-8782
NRO0768,PC-5845
NSC0597,PC-5015
NSS0876,PC-5910
NUL0471,PC-2085
NWK0215,PC-8370
NWT0098,PC-4667
OBH0499,PC-7989
OCB0805,PC-1841
OCS0865,PC-8309
OHC0973,PC-0745
OJK0233,PC-0603
OKB0439,PC-3465
OKC0107,PC-3932
OLB0749,PC-0467
OLF0504,PC-7774
OLW0689,PC-1301
OMM0944,PC-0378
OMS0101,PC-9507
ONL0276,PC-2891
ONW0083,PC-1980
OQH0183,PC-6602
ORB0473,PC-5388
ORG0339,PC-8252
ORM0669,PC-4860
OSH0655,PC-3998
OYM0026,PC-9261
PAD0773,PC-3959
PBP0002,PC-4071
PDH0716,PC-0379
PDW0259,PC-8804
PES0085,PC-3605
PEV0323,PC-7236
PGC0066,PC-8296
PGH0184,PC-7756
PGO0433,PC-7770
PID0426,PC-9427
PIS0522,PC-5648
PKB0281,PC-2110
PKB0429,PC-1521
PLH0715,PC-0653
PLH0862,PC-9669
PMC0328,PC-7219
PMJ0564,PC-0741
PMV0850,PC-4547
PNH0761,PC-0365
PNL0301,PC-5611
POB0343,PC-5864
PPF0435,PC-1809
PRM0740,PC-1017
PSF0133,PC-4925
PTH0552,PC-0800
PTH0830,PC-8118
QCH0110,PC-7470
QJR0688,PC-4835
QNF0205,PC-0683
QNP0216,PC-9564
QOS0878,PC-2211
QPM0727,PC-3406
QRM0739,PC-7343
QSV0778,PC-5952
RAB0589,PC-1609
RAG0275,PC-3094
RAH0440,PC-6610
RAM0447,PC-2697
RAR0725,PC-4159
RAS0432,PC-9108
RAW0915,PC-2113
RBB0485,PC-3093
RCC0617,PC-8214
RCP0785,PC-3467
RDM0115,PC-1480
RDM0150,PC-4600
RDT0424,PC-3742
RFP0380,PC-9219
RGG0064,PC-8859
RGH0728,PC-8568
RGN0408,PC-3687
RHC0335,PC-8144
RHL0992,PC-9040
RHO0732,PC-6232
RHP0484,PC-6499
RHY0079,PC-1896
RIH0777,PC-9508
RJB0088,PC-3424
RJM0381,PC-8800
RKD0604,PC-9379
RKF0164,PC-4418
RLB0719,PC-6776
RLG0856,PC-1998
RMS0266,PC-9183
RMW0542,PC-7543
RNF0765,PC-5028
RNL0695,PC-6581
RNP0211,PC-1736
ROB0272,PC-6933
RRA0938,PC-9586
RRC0553,PC-6672
RRP0568,PC-3735
RSC0089,PC-9929
RSM0277,PC-2930
RTO0313,PC-3311
RUM0880,PC-8592
RVC0232,PC-4469
RVF0201,PC-7899
RYB0718,PC-4030
RZC0746,PC-7500
SAA0999,PC-4559
SAB0781,PC-8466
SAC0592,PC-7310
SAC0687,PC-5299
SAH0599,PC-8211
SAK0375,PC-1745
SAP0867,PC-8149
SAT0194,PC-8148
SBD0913,PC-0262
SBH0537,PC-2139
SBK0161,PC-5599
SBN0495,PC-9658
SBN0866,PC-8714
SBN0971,PC-0151
SBQ0786,PC-2069
SCB0534,PC-5764
SCF0608,PC-8864
SCP0130,PC-2057
SDB0106,PC-2046
SDF0017,PC-1476
SDO0170,PC-0183
SED0886,PC-6221
SEJ0677,PC-0507
SER0165,PC-7309
SES0477,PC-6681
SGB0140,PC-5647
SGG0787,PC-3953
SGM0021,PC-1528
SGS0268,PC-0777
SHR0334,PC-2924
SHW0578,PC-7091
SIJ0661,PC-6175
SJC0333,PC-3126
SJF0094,PC-3559
SJO0209,PC-2731
SJW0451,PC-7902
SKG0759,PC-2662
SLB0049,PC-6402
SLP0762,PC-3922
SLT0907,PC-1708
SMB0804,PC-6988
SMH0291,PC-3571
SMW0084,PC-8396
SMY0792,PC-5923
SNC0187,PC-4753
SNS0129,PC-5920
SOB0360,PC-6720
SOB0586,PC-6477
SOF0808,PC-6266
SOG0411,PC-9390
SPA0141,PC-2560
SRH0155,PC-9919
SRS0231,PC-3684
SSG0250,PC-6809
SSH0799,PC-0902
SSJ0784,PC-0840
SSR0278,PC-5083
SSS0345,PC-3543
SVL0803,PC-6020
SVL0940,PC-0115
SVS0871,PC-2335
SXM0895,PC-5673
TAC0300,PC-2131
TAP0551,PC-7623
TBT0461,PC-4679
TCD0009,PC-6263
TDG0962,PC-2173
TDJ0998,PC-7508
TDS0984,PC-7088
TEB0251,PC-6913
TEM0093,PC-3372
TEM0977,PC-7401
TET0621,PC-5252
THD0448,PC-9979
THR0873,PC-4804
TIW0299,PC-5781
TJB0302,PC-0044
TJD0996,PC-7107
TJG0582,PC-9311
TLH0648,PC-1005
TLK0993,PC-2064
TLM0797,PC-4577
TMA0069,PC-1013
TNM0961,PC-2030
TOR0193,PC-1283
TPH0474,PC-7264
TQS0212,PC-4707
TRK0914,PC-6523
TSB0437,PC-6807
TSG0906,PC-0669
TSM0363,PC-5735
TSM0927,PC-7733
TSR0676,PC-9227
TTD1000,PC-8758
TUC0632,PC-3469
TVS0006,PC-5873
TVS0050,PC-2174
TYB0779,PC-5258
UAD0771,PC-2499
UBF0645,PC-1813
UCH0519,PC-9827
UCS0227,PC-6310
UFK0208,PC-3343
UIR0043,PC-9110
UJC0737,PC-9612
USH0199,PC-3581
VAA0087,PC-3020
VCC0396,PC-4582
VCY0751,PC-5337
VEB0935,PC-3534
VFM0814,PC-0982
VIA0063,PC-2684
VLB0647,PC-6789
VMJ0147,PC-3873
VMJ0546,PC-9000
VSA0230,PC-9547
VSS0154,PC-6055
VTT0385,PC-5027
WAB0143,PC-8014
WAS0254,PC-0470
WBC0192,PC-6349
WBC0315,PC-0215
WDD0366,PC-0155
WDO0870,PC-4690
WDV0573,PC-4983
WGR0833,PC-6101
WGS0516,PC-0389
WIF0691,PC-6390
WIQ0567,PC-6113
WJD0576,PC-1532
WKD0013,PC-1837
WKF0012,PC-9966
WLV0566,PC-7162
WNB0908,PC-0094
WPE0538,PC-5785
WPR0368,PC-9842
WRM0963,PC-5082
WSR0241,PC-3142
WTF0387,PC-6159
WTR0563,PC-7572
WVB0539,PC-7243
WXH0872,PC-9460
XAA0104,PC-7435
XBN0229,PC-7655
XHG0902,PC-2813
XHW0498,PC-9840
XLB0710,PC-6637
XRS0633,PC-1099
XWD0923,PC-1637
YCE0983,PC-3764
YDN0198,PC-5376
YEV0793,PC-0391
YIC0195,PC-9353
YJF0532,PC-9549
YJV0699,PC-5329
YWW0660,PC-2645
ZCF0590,PC-4486
ZDW0859,PC-2066
ZFM0468,PC-6478
ZJE0857,PC-9926
ZJS0269,PC-7019
ZKS0899,PC-8517
ZMC0284,PC-3947
ZSB0649,PC-5343
ZSK0258,PC-0461
ZSL0305,PC-2640
